material_id,target,predictions_f1,predictions_f2,predictions_f3,predictions_f4,predictions_f5
mb-phonons-0001,98.58577122703691,,,,,105.769844
mb-phonons-0002,701.5857233477558,741.36365,,,,
mb-phonons-0003,1138.5856886491724,1018.3493,,,,
mb-phonons-0004,718.5857219979254,,,,729.2888,
mb-phonons-0005,795.5857158839873,,798.5821,,,
mb-phonons-0006,339.58575209120477,,,,,406.3248
mb-phonons-0007,297.5857554260802,297.95087,,,,
mb-phonons-0008,247.5857593961698,,,,242.99638,
mb-phonons-0009,276.58575709351777,,304.12827,,,
mb-phonons-0010,523.5857374812748,471.08774,,,,
mb-phonons-0011,590.5857321613547,,,,584.296,
mb-phonons-0012,528.5857370842659,,556.71967,,,
mb-phonons-0013,540.5857361314445,,526.1262,,,
mb-phonons-0014,240.5857599519823,,,254.4712,,
mb-phonons-0015,344.5857516941958,,,,,357.72443
mb-phonons-0016,100.58577106823331,,,,,99.965294
mb-phonons-0017,650.5857273972472,,603.944,,,
mb-phonons-0018,483.58574065734666,470.87195,,,,
mb-phonons-0019,135.9557896728841,109.35389,,,,
mb-phonons-0020,338.5857521706066,,,293.55444,,
mb-phonons-0021,366.5857499473565,363.95657,,,,
mb-phonons-0022,322.5857534410353,,,,,313.9297
mb-phonons-0023,400.58574724769545,,,421.09543,,
mb-phonons-0024,1100.5856916664407,,1085.8668,,,
mb-phonons-0025,856.5857110404779,,,,805.93365,
mb-phonons-0026,593.5857319231493,556.6781,,,,
mb-phonons-0027,184.5857643984827,186.18954,,,,
mb-phonons-0028,279.5857568553124,,261.73282,,,
mb-phonons-0029,355.58575082077624,,,,,351.86584
mb-phonons-0030,481.5857408161503,,,516.4263,,
mb-phonons-0031,335.58575240881197,328.72003,,,,
mb-phonons-0032,1292.5856764212965,1394.9849,,,,
mb-phonons-0033,301.58575510847294,,311.29904,,,
mb-phonons-0034,719.5857219185235,,,,,736.6085
mb-phonons-0035,172.58576535130422,,,,,193.49791
mb-phonons-0036,694.5857239035686,,,,694.44446,
mb-phonons-0037,69.63722405788964,,,,,79.79788
mb-phonons-0038,270.5857575699285,,,,,277.42014
mb-phonons-0039,1979.5856218722645,,,,,2181.3496
mb-phonons-0040,609.5857306527207,624.55524,,,,
mb-phonons-0041,607.5857308115244,,,607.9373,,
mb-phonons-0042,336.58575232941024,,,,300.18704,
mb-phonons-0043,762.5857185042465,753.0999,,,,
mb-phonons-0044,545.5857357344355,562.1906,,,,
mb-phonons-0045,542.5857359726408,,,,542.7707,
mb-phonons-0046,429.5857449450435,,,,,399.5929
mb-phonons-0047,376.58574915333855,,,,371.5713,
mb-phonons-0048,359.5857505031691,,,,336.0283,
mb-phonons-0049,637.5857284294706,628.01215,,,,
mb-phonons-0050,335.58575240881197,335.4054,,,,
mb-phonons-0051,187.58576416027734,,,,,204.27216
mb-phonons-0052,413.58574621547217,434.663,,,,
mb-phonons-0053,302.5857550290712,,274.25046,,,
mb-phonons-0054,369.5857497091512,,,,421.01358,
mb-phonons-0055,219.58576161942003,,,,,236.21835
mb-phonons-0056,1826.5856340207388,,,,,1878.6863
mb-phonons-0057,1797.5856363233909,1834.5969,,,,
mb-phonons-0058,230.58576074600026,,,,221.00937,
mb-phonons-0059,2151.5856082151568,1927.0787,,,,
mb-phonons-0060,317.58575383804435,,,,,316.523
mb-phonons-0061,679.5857250945952,,,,711.46704,
mb-phonons-0062,614.5857302557117,,615.37335,,,
mb-phonons-0063,577.5857331935781,,593.22186,,,
mb-phonons-0064,910.5857067527812,,,,892.18713,
mb-phonons-0065,217.5857617782236,,,,,221.93835
mb-phonons-0066,199.5857632074558,,,,200.47223,
mb-phonons-0067,571.5857336699888,,544.7973,,,
mb-phonons-0068,170.5857655101078,,,170.48317,,
mb-phonons-0069,99.58577114763511,,,110.86896,,
mb-phonons-0070,593.5857319231493,506.88663,,,,
mb-phonons-0071,792.5857161221927,,832.1632,,,
mb-phonons-0072,204.58576281044685,,,,218.26123,
mb-phonons-0073,457.5857427217933,437.89526,,,,
mb-phonons-0074,679.5857250945952,,,662.291,,
mb-phonons-0075,1382.5856692751352,1370.3901,,,,
mb-phonons-0076,429.5857449450435,429.28275,,,,
mb-phonons-0077,348.5857513765887,370.17737,,,,
mb-phonons-0078,330.5857528058209,,,,,333.69672
mb-phonons-0079,833.7677456801904,,,,,872.0014
mb-phonons-0080,907.5857069909863,,,,,874.94617
mb-phonons-0081,1341.5856725306085,,1299.7222,,,
mb-phonons-0082,233.5857605077949,,249.4802,,,
mb-phonons-0083,414.5857461360704,,,,,441.8883
mb-phonons-0084,144.5857675745544,,155.8136,,,
mb-phonons-0085,485.1102590218785,,,,,506.45605
mb-phonons-0086,197.58576336625939,,,175.33383,,
mb-phonons-0087,224.58576122241104,,,,,217.29369
mb-phonons-0088,1112.585690713619,,,,,1124.451
mb-phonons-0089,1049.5856957159324,,1037.9988,,,
mb-phonons-0090,579.5857330347744,,590.30194,,,
mb-phonons-0091,2014.5856190932016,,,,,2089.5063
mb-phonons-0092,781.5857169956122,,,,791.8282,
mb-phonons-0093,200.58576312805405,,,190.90257,,
mb-phonons-0094,809.5033679564572,795.9317,,,,
mb-phonons-0095,674.5857254916042,,,632.76306,,
mb-phonons-0096,337.5857522500084,369.36218,,,,
mb-phonons-0097,227.5857609842057,,,,,222.26187
mb-phonons-0098,159.58576638352753,174.33154,,,,
mb-phonons-0099,561.5857344640067,484.81012,,,,
mb-phonons-0100,109.58577035361715,,,,135.7122,
mb-phonons-0101,531.5857368460606,,,,,441.9795
mb-phonons-0102,187.58576416027734,,180.73767,,,
mb-phonons-0103,526.5857372430696,,537.7882,,,
mb-phonons-0104,520.5857377194803,,535.7136,,,
mb-phonons-0105,144.5857675745544,,,135.19594,,
mb-phonons-0106,435.58574446863264,,399.63922,,,
mb-phonons-0107,703.5857231889522,,,,734.25775,
mb-phonons-0108,478.5857410543556,,,457.433,,
mb-phonons-0109,978.5857013534593,,,826.2221,,
mb-phonons-0110,524.5857374018732,509.3031,,,,
mb-phonons-0111,181.58576463668808,,,,176.23668,
mb-phonons-0112,247.5857593961698,,,208.97176,,
mb-phonons-0113,1002.5856994478163,,979.3907,,,
mb-phonons-0114,689.5857243005772,,,,,675.411
mb-phonons-0115,261.5857582845447,,273.3457,,,
mb-phonons-0116,753.9456261761827,,,,,747.0458
mb-phonons-0117,754.4592429505203,,,756.88,,
mb-phonons-0118,776.3577663735823,,,,,774.7863
mb-phonons-0119,795.5857158839873,,,,,797.7137
mb-phonons-0120,410.5857464536776,410.93567,,,,
mb-phonons-0121,350.5857512177851,,,,,376.7286
mb-phonons-0122,695.3071651297435,,,,705.63477,
mb-phonons-0123,280.5857567759106,,,,,267.5197
mb-phonons-0124,374.5857493121421,365.40155,,,,
mb-phonons-0125,276.58575709351777,,,,251.59575,
mb-phonons-0126,432.585744706838,,,381.97348,,
mb-phonons-0127,1326.5856737216354,,,,,1310.9656
mb-phonons-0128,83.42622265888586,,,95.37457,,
mb-phonons-0129,534.5857366078552,,,,,537.2629
mb-phonons-0130,709.5857227125415,,,,713.77936,
mb-phonons-0131,401.58574716829366,,405.38547,,,
mb-phonons-0132,1077.5856934926821,1006.3718,,,,
mb-phonons-0133,443.58574383341835,,402.4443,,,
mb-phonons-0134,652.5857272384436,,,636.10657,,
mb-phonons-0135,465.5857420865789,,,,,453.24426
mb-phonons-0136,592.5857320025513,,,,600.3259,
mb-phonons-0137,609.5857306527207,,,589.2166,,
mb-phonons-0138,595.5857317643457,,,,576.8455,
mb-phonons-0139,461.585742404186,,443.48154,,,
mb-phonons-0140,275.58575717291956,,,,,267.90204
mb-phonons-0141,568.5857339081942,569.0504,,,,
mb-phonons-0142,579.5857330347744,580.6012,,,,
mb-phonons-0143,572.5857335905872,,561.73413,,,
mb-phonons-0144,208.5857624928397,,,203.62007,,
mb-phonons-0145,623.5857295410957,,,602.8475,,
mb-phonons-0146,619.5857298587027,,,,603.9845,
mb-phonons-0147,375.58574923274034,,405.16995,,,
mb-phonons-0148,136.26216674540237,,140.04735,,,
mb-phonons-0149,544.5857358138372,524.10693,,,,
mb-phonons-0150,558.5857347022122,,,,,568.2053
mb-phonons-0151,614.5857302557117,,619.61743,,,
mb-phonons-0152,373.585749391544,363.88492,,,,
mb-phonons-0153,323.58575336163346,,,,,308.49252
mb-phonons-0154,571.5857336699888,,,,,580.03485
mb-phonons-0155,691.5857241417737,663.2897,,,,
mb-phonons-0156,453.5857430394004,,,476.44812,,
mb-phonons-0157,184.5857643984827,185.11769,,,,
mb-phonons-0158,904.376237450921,,,,874.827,
mb-phonons-0159,287.5857562200981,,285.47086,,,
mb-phonons-0160,236.5857602695895,,246.81767,,,
mb-phonons-0161,477.5857411337574,,,483.54837,,
mb-phonons-0162,955.5857031797003,,960.84235,,,
mb-phonons-0163,1340.5856726100105,,,1347.1038,,
mb-phonons-0164,489.5857401809359,,,,485.22665,
mb-phonons-0165,225.5857611430092,232.10356,,,,
mb-phonons-0166,791.5857162015947,,,,,783.24274
mb-phonons-0167,480.58574089555196,,,,398.89966,
mb-phonons-0168,502.5857391487126,,,524.5352,,
mb-phonons-0169,218.58576169882184,,,209.19652,,
mb-phonons-0170,435.58574446863264,,413.23114,,,
mb-phonons-0171,163.58576606592038,,,168.19763,,
mb-phonons-0172,447.58574351581115,440.2112,,,,
mb-phonons-0173,789.5857163603979,,,,802.93604,
mb-phonons-0174,565.5857341463998,,,567.9002,,
mb-phonons-0175,430.5857448656418,,,423.24237,,
mb-phonons-0176,280.7913011441348,,,271.34335,,
mb-phonons-0177,295.5857555848837,,,282.08206,,
mb-phonons-0178,647.5142591836287,,,,,640.2868
mb-phonons-0179,282.58575661710705,,264.85605,,,
mb-phonons-0180,939.5857044501292,,,,938.64954,
mb-phonons-0181,1209.5856830116452,,,,1319.9175,
mb-phonons-0182,982.585701035852,,933.0874,,,
mb-phonons-0183,260.58575836394647,,,,,251.65434
mb-phonons-0184,208.5857624928397,,212.08426,,,
mb-phonons-0185,253.58575891975903,,,240.91177,,
mb-phonons-0186,262.5857582051429,,,,333.50122,
mb-phonons-0187,226.58576106360744,,,,,295.32825
mb-phonons-0188,420.58574565965966,401.62848,,,,
mb-phonons-0189,850.5857115168886,,850.387,,,
mb-phonons-0190,932.5857050059418,931.9732,,,,
mb-phonons-0191,466.5857420071772,450.24344,,,,
mb-phonons-0192,295.5857555848837,,,,287.15952,
mb-phonons-0193,396.58574756530265,,,,371.92688,
mb-phonons-0194,399.5857473270973,,,456.8379,,
mb-phonons-0195,1164.5856865847259,,,990.16516,,
mb-phonons-0196,150.58576709814366,,,,168.56148,
mb-phonons-0197,364.5857501061601,,,,,342.92593
mb-phonons-0198,206.5857626516433,,,,,215.6035
mb-phonons-0199,296.585755505482,,,,,301.67612
mb-phonons-0200,1223.58568190002,1207.9893,,,,
mb-phonons-0201,481.5857408161503,,,,392.31845,
mb-phonons-0202,566.5857340669977,619.11597,,,,
mb-phonons-0203,244.5857596343752,,,,,268.23358
mb-phonons-0204,244.5857596343752,260.7428,,,,
mb-phonons-0205,173.5857652719024,,,,,176.31525
mb-phonons-0206,171.58576543070603,,,,148.60706,
mb-phonons-0207,722.5857216803181,789.84985,,,,
mb-phonons-0208,129.58576876558132,,,121.31493,,
mb-phonons-0209,1011.5856987332004,,,,910.4333,
mb-phonons-0210,215.5857619370272,210.59314,,,,
mb-phonons-0211,272.585757411125,,,,,238.75142
mb-phonons-0212,469.58574176897173,,,493.6931,,
mb-phonons-0213,471.58574161016816,,,,504.7538,
mb-phonons-0214,260.58575836394647,,,280.18616,,
mb-phonons-0215,121.58576940079568,120.67839,,,,
mb-phonons-0216,660.5857266032292,633.78906,,,,
mb-phonons-0217,523.5857374812748,,,502.02988,,
mb-phonons-0218,95.58577146524229,,,,104.73531,
mb-phonons-0219,547.5857355756318,579.3989,,,,
mb-phonons-0220,166.585765827715,,,150.33592,,
mb-phonons-0221,303.58575494966937,,,,281.63663,
mb-phonons-0222,317.58575383804435,299.50452,,,,
mb-phonons-0223,182.58576455728627,,,,200.08394,
mb-phonons-0224,538.5857362902481,,,,535.15656,
mb-phonons-0225,719.5857219185235,719.27893,,,,
mb-phonons-0226,468.58574184837363,,,,,475.41718
mb-phonons-0227,640.5857281912653,,637.9739,,,
mb-phonons-0228,330.5857528058209,,,323.26788,,
mb-phonons-0229,635.285556532021,,627.51605,,,
mb-phonons-0230,351.58575113838333,,,350.49466,,
mb-phonons-0231,496.5857396251232,,529.533,,,
mb-phonons-0232,263.5857581257411,,303.86038,,,
mb-phonons-0233,366.5857499473565,,,,383.83957,
mb-phonons-0234,270.5857575699285,,267.61197,,,
mb-phonons-0235,439.5857441510256,,,,399.20966,
mb-phonons-0236,571.5857336699888,,,568.26605,,
mb-phonons-0237,331.5857527264192,,,,323.73776,
mb-phonons-0238,620.585729779301,,627.6754,,,
mb-phonons-0239,935.5857047677364,,,913.0539,,
mb-phonons-0240,800.4307672174878,,892.8608,,,
mb-phonons-0241,238.58576011078603,,,,211.23363,
mb-phonons-0242,554.5857350198194,,,,643.1393,
mb-phonons-0243,169.5857655895096,,,,205.83066,
mb-phonons-0244,204.58576281044685,,206.43231,,,
mb-phonons-0245,403.5857470094902,401.67737,,,,
mb-phonons-0246,325.58575320282995,,282.30804,,,
mb-phonons-0247,506.5857388311055,,,,,515.2648
mb-phonons-0248,565.5857341463998,,544.9179,,,
mb-phonons-0249,256.58575868155367,,,237.53307,,
mb-phonons-0250,160.58576630412574,190.39276,,,,
mb-phonons-0251,176.5857650336971,,,,158.72662,
mb-phonons-0252,311.585754314455,,,,304.62634,
mb-phonons-0253,224.58576122241104,206.15697,,,,
mb-phonons-0254,534.5857366078552,,,,,541.6234
mb-phonons-0255,166.585765827715,,,,152.32779,
mb-phonons-0256,202.58576296925045,215.27496,,,,
mb-phonons-0257,261.5857582845447,284.6641,,,,
mb-phonons-0258,331.5857527264192,,,,,365.30478
mb-phonons-0259,222.9191271957177,203.50848,,,,
mb-phonons-0260,178.58576487489344,185.81989,,,,
mb-phonons-0261,349.5857512971869,,,,345.18222,
mb-phonons-0262,138.58576805096516,,,,,124.08907
mb-phonons-0263,181.58576463668808,,,,,164.71947
mb-phonons-0264,173.5857652719024,185.51672,,,,
mb-phonons-0265,500.5857393075161,489.202,,,,
mb-phonons-0266,910.5857067527812,,,896.26654,,
mb-phonons-0267,205.58576273104512,204.33244,,,,
mb-phonons-0268,599.5857314467387,547.5856,,,,
mb-phonons-0269,583.5857327171674,,576.2556,,,
mb-phonons-0270,626.5857293028903,,585.4404,,,
mb-phonons-0271,168.5857656689114,,,187.38116,,
mb-phonons-0272,185.58576431908094,,,,197.60645,
mb-phonons-0273,599.5857314467387,,525.34766,,,
mb-phonons-0274,208.5857624928397,,,231.00763,,
mb-phonons-0275,571.5857336699888,,,562.94366,,
mb-phonons-0276,400.58574724769545,,,412.97778,,
mb-phonons-0277,115.58576987720642,,,,122.34133,
mb-phonons-0278,86.58577217985842,,,88.55201,,
mb-phonons-0279,82.58577249746558,86.501175,,,,
mb-phonons-0280,222.5857613812146,,,233.5194,,
mb-phonons-0281,116.58576979780462,118.653946,,,,
mb-phonons-0282,153.58576685993827,,,154.84785,,
mb-phonons-0283,241.58575987258044,,235.92789,,,
mb-phonons-0284,99.58577114763511,,,,97.249725,
mb-phonons-0285,285.58575637890164,,,,266.6989,
mb-phonons-0286,93.58577162404586,,97.240105,,,
mb-phonons-0287,74.58577313267992,72.65472,,,,
mb-phonons-0288,393.58574780350807,,,348.75015,,
mb-phonons-0289,76.58577297387635,,,,,87.390274
mb-phonons-0290,310.5857543938568,,,354.62195,,
mb-phonons-0291,177.58576495429523,,194.75682,,,
mb-phonons-0292,253.58575891975903,,264.26804,,,
mb-phonons-0293,103.34535948486929,,,,112.18203,
mb-phonons-0294,183.58576447788448,,189.12506,,,
mb-phonons-0295,121.58576940079568,,,,118.74575,
mb-phonons-0296,331.5857527264192,313.1439,,,,
mb-phonons-0297,272.585757411125,,,,324.586,
mb-phonons-0298,468.58574184837363,463.68768,,,,
mb-phonons-0299,354.58575090017797,,,389.74298,,
mb-phonons-0300,242.58575979317882,,,,,262.59534
mb-phonons-0301,331.5857527264192,,324.35825,,,
mb-phonons-0302,317.58575383804435,306.12454,,,,
mb-phonons-0303,543.8612030793709,,530.6322,,,
mb-phonons-0304,273.5857573317232,,,,,294.7967
mb-phonons-0305,263.5857581257411,,,,298.12827,
mb-phonons-0306,368.58574978855285,,340.7923,,,
mb-phonons-0307,451.58574319820394,450.67078,,,,
mb-phonons-0308,727.5857212833093,,,686.09924,,
mb-phonons-0309,476.58574121315917,,449.3856,,,
mb-phonons-0310,295.5857555848837,,,,294.24963,
mb-phonons-0311,494.58573978392684,,,466.15985,,
mb-phonons-0312,408.58574661248116,,,,,402.92896
mb-phonons-0313,289.5857560612945,,,,268.82144,
mb-phonons-0314,553.5857350992212,,553.01245,,,
mb-phonons-0315,397.5857474859008,,,,,404.49954
mb-phonons-0316,319.58575367924067,,,298.45444,,
mb-phonons-0317,177.58576495429523,,185.93605,,,
mb-phonons-0318,265.58575796693754,,,,258.63858,
mb-phonons-0319,653.9614869773397,,652.9986,,,
mb-phonons-0320,745.5485956310678,,737.18304,,,
mb-phonons-0321,437.5857443098292,,366.25897,,,
mb-phonons-0322,652.5857272384436,,,650.28937,,
mb-phonons-0323,155.58576670113467,129.40733,,,,
mb-phonons-0324,470.5857416895698,,,,448.01196,
mb-phonons-0325,141.58576781275983,,,,169.48024,
mb-phonons-0326,66.58577376789428,,69.554,,,
mb-phonons-0327,201.58576304865227,,,,,188.11581
mb-phonons-0328,257.5857586021519,,272.34222,,,
mb-phonons-0329,377.5857490739367,,,,,391.07925
mb-phonons-0330,127.58576892438492,,,132.08675,,
mb-phonons-0331,112.58577011541179,105.65748,,,,
mb-phonons-0332,334.58575248821387,327.59348,,,,
mb-phonons-0333,106.58577059182257,,,109.59381,,
mb-phonons-0334,160.58576630412574,,,190.12117,,
mb-phonons-0335,119.58576955959923,,,,,125.95275
mb-phonons-0336,139.58576797156337,,,,,142.89435
mb-phonons-0337,113.58577003600998,,,,151.55038,
mb-phonons-0338,129.58576876558132,,132.46263,,,
mb-phonons-0339,69.58577352968891,,,,,80.654015
mb-phonons-0340,85.58577225926021,,,,78.161285,
mb-phonons-0341,1476.8987630443203,,,,1441.5288,
mb-phonons-0342,336.58575232941024,,,,,341.48874
mb-phonons-0343,146.5857674157509,,157.16351,,,
mb-phonons-0344,361.5857503443654,,,,,368.43323
mb-phonons-0345,213.58576209583072,,,,189.318,
mb-phonons-0346,332.5857526470174,,337.17575,,,
mb-phonons-0347,269.5857576493304,,,,283.21252,
mb-phonons-0348,283.58575653770527,,,,,292.32956
mb-phonons-0349,275.58575717291956,,,,297.4079,
mb-phonons-0350,335.58575240881197,,,332.9602,,
mb-phonons-0351,116.58576979780462,,,,,120.69109
mb-phonons-0352,508.5857386723019,500.85742,,,,
mb-phonons-0353,1045.5856960335393,,,,862.36444,
mb-phonons-0354,223.58576130181282,,,,233.03969,
mb-phonons-0355,1362.585670863171,,1241.9235,,,
mb-phonons-0356,1943.585624730729,,2258.5254,,,
mb-phonons-0357,1013.5856985743968,,,1244.8304,,
mb-phonons-0358,999.5856996860216,,,,,1009.76196
mb-phonons-0359,934.5857048471382,,,,,884.61163
mb-phonons-0360,847.5857117550943,705.7019,,,,
mb-phonons-0361,779.5857171544162,,,,,842.6448
mb-phonons-0362,457.5857427217933,445.40247,,,,
mb-phonons-0363,1886.585629256632,,,,,1670.6748
mb-phonons-0364,1285.585676977109,,,1236.4764,,
mb-phonons-0365,1333.5856731658228,,,1339.1288,,
mb-phonons-0366,3643.743437099969,,,3374.343,,
mb-phonons-0367,3628.585490938709,,,,3415.079,
mb-phonons-0368,753.5857192188628,1026.6188,,,,
mb-phonons-0369,373.585749391544,,363.11984,,,
mb-phonons-0370,1774.585638149632,1774.5983,,,,
mb-phonons-0371,1784.5856373556146,,2525.5696,,,
mb-phonons-0372,897.5857077850044,937.9638,,,,
mb-phonons-0373,820.5857138989426,748.0357,,,,
mb-phonons-0374,3336.5855141240318,3662.8352,,,,
mb-phonons-0375,276.58575709351777,,,,,314.9136
mb-phonons-0376,3637.5854902240917,,,,3330.4597,
mb-phonons-0377,291.58575590249086,,,,293.57333,
mb-phonons-0378,420.58574565965966,,,,416.62695,
mb-phonons-0379,718.5857219979254,974.4436,,,,
mb-phonons-0380,504.5857389899089,,492.46774,,,
mb-phonons-0381,381.5857487563297,,,,,371.20746
mb-phonons-0382,254.58575884035724,,,,260.71213,
mb-phonons-0383,501.58573922811433,,,,485.64392,
mb-phonons-0384,351.58575113838333,,,,382.52676,
mb-phonons-0385,1001.585699527218,,,762.8872,,
mb-phonons-0386,259.58575844334825,,249.74098,,,
mb-phonons-0387,770.5857178690321,787.46063,,,,
mb-phonons-0388,686.5857245387828,,704.08923,,,
mb-phonons-0389,144.5857675745544,,,,164.55798,
mb-phonons-0390,466.5857420071772,451.6024,,,,
mb-phonons-0391,291.58575590249086,,,322.1977,,
mb-phonons-0392,254.58575884035724,250.15045,,,,
mb-phonons-0393,768.3583495879683,764.6718,,,,
mb-phonons-0394,2131.5856098031923,,,,,1910.8682
mb-phonons-0395,65.58577384729607,,,,73.77556,
mb-phonons-0396,234.5857604283931,,,233.973,,
mb-phonons-0397,847.5857117550943,,,,,822.2033
mb-phonons-0398,189.58576400147373,185.7956,,,,
mb-phonons-0399,123.58576924199207,,,,144.70396,
mb-phonons-0400,210.5857623340361,,,,,244.44232
mb-phonons-0401,926.9151354639647,,,861.31445,,
mb-phonons-0402,254.58575884035724,,,244.95683,,
mb-phonons-0403,749.5857195364697,,,,754.85443,
mb-phonons-0404,331.59810336415944,,321.9095,,,
mb-phonons-0405,479.58574097495386,,,,,523.80084
mb-phonons-0406,232.5857605871967,,,,248.4652,
mb-phonons-0407,601.5857312879351,651.9164,,,,
mb-phonons-0408,369.5857497091512,,355.3746,,,
mb-phonons-0409,244.5857596343752,,246.94762,,,
mb-phonons-0410,238.58576011078603,,,238.01588,,
mb-phonons-0411,496.5857396251232,,,469.77817,,
mb-phonons-0412,684.5857246975862,,,,,711.0453
mb-phonons-0413,270.5857575699285,,282.074,,,
mb-phonons-0414,373.585749391544,,,393.7298,,
mb-phonons-0415,564.5857342258015,,,,,564.4416
mb-phonons-0416,563.5857343052032,,,,,528.5225
mb-phonons-0417,552.5857351786229,,,545.17236,,
mb-phonons-0418,549.5857354168284,,,,551.5063,
mb-phonons-0419,125.58576908318848,,,140.09142,,
mb-phonons-0420,360.58575042376714,,,361.87915,,
mb-phonons-0421,169.5857655895096,,185.14203,,,
mb-phonons-0422,563.5857343052032,,602.54297,,,
mb-phonons-0423,143.5857676539562,,,,,130.48541
mb-phonons-0424,989.5857004800397,,,,984.462,
mb-phonons-0425,251.58575907856252,,,261.7865,,
mb-phonons-0426,339.58575209120477,,,348.6953,,
mb-phonons-0427,376.58574915333855,,353.53156,,,
mb-phonons-0428,366.5857499473565,,346.5251,,,
mb-phonons-0429,315.58575399684787,303.56335,,,,
mb-phonons-0430,304.58575487026764,,,301.0922,,
mb-phonons-0431,230.58576074600026,,214.9038,,,
mb-phonons-0432,317.58575383804435,,,,,339.94727
mb-phonons-0433,427.5857451038471,369.89813,,,,
mb-phonons-0434,556.5857348610158,,,529.048,,
mb-phonons-0435,247.5857593961698,206.39967,,,,
mb-phonons-0436,495.5857397045252,,,468.8397,,
mb-phonons-0437,287.5857562200981,,,290.22235,,
mb-phonons-0438,252.58575899916082,,,,227.48752,
mb-phonons-0439,1212.58568277344,,1368.8114,,,
mb-phonons-0440,337.5857522500084,,,,351.7693,
mb-phonons-0441,275.58575717291956,,,,318.7617,
mb-phonons-0442,374.5857493121421,,,,,373.02954
mb-phonons-0443,3521.5854994346996,,,3123.6555,,
mb-phonons-0444,457.5857427217933,451.60477,,,,
mb-phonons-0445,428.5857450244453,,401.58212,,,
mb-phonons-0446,754.5857191394607,739.84406,,,,
mb-phonons-0447,346.5857515353923,,,,347.05243,
mb-phonons-0448,160.620206064518,,,211.65236,,
mb-phonons-0449,273.5857573317232,,,,282.44336,
mb-phonons-0450,191.58576384267016,,176.27777,,,
mb-phonons-0451,423.5857454214543,414.6218,,,,
mb-phonons-0452,222.5857613812146,228.0507,,,,
mb-phonons-0453,737.5857204892912,,719.05225,,,
mb-phonons-0454,331.5857527264192,,,,317.16458,
mb-phonons-0455,398.585747406499,,,,439.76508,
mb-phonons-0456,472.58574153076637,,,,547.0135,
mb-phonons-0457,322.5857534410353,,,,,323.27127
mb-phonons-0458,1160.585686902333,905.15857,,,,
mb-phonons-0459,445.5857436746148,,,,472.9396,
mb-phonons-0460,791.5857162015947,,,,,806.7111
mb-phonons-0461,790.5857162809963,,784.7124,,,
mb-phonons-0462,234.5857604283931,,,197.24574,,
mb-phonons-0463,450.5857432776057,,462.00876,,,
mb-phonons-0464,669.5857258886133,,,666.62,,
mb-phonons-0465,152.5857669393401,,,183.06764,,
mb-phonons-0466,454.58574295999847,,,,437.39844,
mb-phonons-0467,222.5857613812146,,,,,218.49005
mb-phonons-0468,641.5857281118634,648.54846,,,,
mb-phonons-0469,632.5857288264797,,,630.9453,,
mb-phonons-0470,334.58575248821387,,,336.2992,,
mb-phonons-0471,653.5857271590419,,,,658.0226,
mb-phonons-0472,726.5857213627112,,,,802.23553,
mb-phonons-0473,235.58576034899133,,,234.67545,,
mb-phonons-0474,233.5857605077949,,243.07025,,,
mb-phonons-0475,483.58574065734666,,,,,414.92395
mb-phonons-0476,304.58575487026764,,,,306.20325,
mb-phonons-0477,768.9388632748868,,,719.6687,,
mb-phonons-0478,602.5857312085333,,,,,573.2695
mb-phonons-0479,165.58576590711678,,,,156.55711,
mb-phonons-0480,213.58576209583072,,,247.10165,,
mb-phonons-0481,1070.5856940484944,1046.087,,,,
mb-phonons-0482,230.58576074600026,,,262.01282,,
mb-phonons-0483,554.5857350198194,,,,536.3607,
mb-phonons-0484,551.5857352580248,,,553.536,,
mb-phonons-0485,765.585718266041,,,,,691.2006
mb-phonons-0486,257.5857586021519,,,268.6488,,
mb-phonons-0487,475.585741292561,,,,,466.90433
mb-phonons-0488,1331.5856733246264,,1389.8623,,,
mb-phonons-0489,234.06886996956717,,230.6351,,,
mb-phonons-0490,315.58575399684787,,,,254.242,
mb-phonons-0491,257.3811557603249,,,,208.45245,
mb-phonons-0492,621.5857296998992,617.4246,,,,
mb-phonons-0493,758.5857188218538,,,723.3311,,
mb-phonons-0494,298.9949156176686,,,,,305.56943
mb-phonons-0495,236.5857602695895,,,247.67075,,
mb-phonons-0496,221.85373991699416,208.42542,,,,
mb-phonons-0497,228.58576090480392,,251.67734,,,
mb-phonons-0498,555.5857349404176,,555.3954,,,
mb-phonons-0499,594.4020938795843,,,,583.7849,
mb-phonons-0500,1648.585648154258,,,,1586.1875,
mb-phonons-0501,83.58577241806378,,,,80.17981,
mb-phonons-0502,383.585748597526,,,387.23782,,
mb-phonons-0503,223.58576130181282,,,201.91962,,
mb-phonons-0504,779.5857171544162,,,753.5704,,
mb-phonons-0505,322.5857534410353,,309.15866,,,
mb-phonons-0506,236.5857602695895,,,232.27211,,
mb-phonons-0507,182.58576455728627,,196.24033,,,
mb-phonons-0508,1542.5856565708484,,,1469.5298,,
mb-phonons-0509,428.5857450244453,,,466.27774,,
mb-phonons-0510,542.5857359726408,,534.00433,,,
mb-phonons-0511,392.5857478829098,398.1332,,,,
mb-phonons-0512,264.5857580463393,,264.13373,,,
mb-phonons-0513,836.5857126285138,,,814.2531,,
mb-phonons-0514,550.5857353374264,,,555.28687,,
mb-phonons-0515,142.58576773335804,,,,172.4648,
mb-phonons-0516,714.5857223155325,,,,709.1181,
mb-phonons-0517,502.5857391487126,,541.38257,,,
mb-phonons-0518,166.585765827715,,,,157.33636,
mb-phonons-0519,504.5857389899089,,469.3552,,,
mb-phonons-0520,241.58575987258044,240.51312,,,,
mb-phonons-0521,249.5857592373661,218.53354,,,,
mb-phonons-0522,629.5857290646849,586.6199,,,,
mb-phonons-0523,311.585754314455,,,,,309.65845
mb-phonons-0524,386.5857483593206,367.92352,,,,
mb-phonons-0525,721.2550053696123,,,,,690.65125
mb-phonons-0526,272.585757411125,,,,,249.76994
mb-phonons-0527,662.5857264444257,663.25616,,,,
mb-phonons-0528,441.5857439922218,,,517.25903,,
mb-phonons-0529,391.5857479623117,,,,404.84738,
mb-phonons-0530,1070.5856940484944,,,,1256.4966,
mb-phonons-0531,1315.585674595055,,,,1324.0422,
mb-phonons-0532,177.58576495429523,,192.56876,,,
mb-phonons-0533,803.5857152487729,,,,,836.2463
mb-phonons-0534,300.5857551878748,,,,,351.12463
mb-phonons-0535,507.58573875170373,,,,482.03433,
mb-phonons-0536,693.5857239829703,,,657.09705,,
mb-phonons-0537,782.6436177376511,,,,,852.16284
mb-phonons-0538,491.5857400221323,,,526.4152,,
mb-phonons-0539,208.5857624928397,,,233.57486,,
mb-phonons-0540,584.5857326377655,562.0428,,,,
mb-phonons-0541,863.5857104846657,,,,886.3346,
mb-phonons-0542,1054.168039020076,,,912.6622,,
mb-phonons-0543,262.5857582051429,,258.50354,,,
mb-phonons-0544,547.5959088769893,,,516.2568,,
mb-phonons-0545,179.58576479549168,,178.4858,,,
mb-phonons-0546,150.58576709814366,,,,169.42604,
mb-phonons-0547,3285.230902043269,,2801.2947,,,
mb-phonons-0548,1786.5856371968107,,,,,1693.5541
mb-phonons-0549,598.5857315261405,,,,677.9515,
mb-phonons-0550,3355.714701120785,2481.4055,,,,
mb-phonons-0551,1111.5856907930208,,,1076.0802,,
mb-phonons-0552,257.5857586021519,,231.00877,,,
mb-phonons-0553,1221.5856820588235,,,,1351.8617,
mb-phonons-0554,401.58574716829366,,,,,374.54996
mb-phonons-0555,1369.9735422635215,,1307.2102,,,
mb-phonons-0556,876.5857094524423,,,873.28076,,
mb-phonons-0557,560.5857345434086,,555.9917,,,
mb-phonons-0558,657.5857268414347,,,681.34845,,
mb-phonons-0559,578.5857331141764,,,,,599.8469
mb-phonons-0560,471.0938502979696,452.9485,,,,
mb-phonons-0561,859.5857108022728,,,,,857.79346
mb-phonons-0562,371.58574955034754,,,,,387.6964
mb-phonons-0563,251.01789069958312,,,237.55894,,
mb-phonons-0564,546.5857356550338,,,539.7766,,
mb-phonons-0565,346.5857515353923,,,,,347.18585
mb-phonons-0566,524.5857374018732,,,,,514.61743
mb-phonons-0567,850.5857115168886,,,,,821.7646
mb-phonons-0568,857.5857109610762,,,,816.18494,
mb-phonons-0569,454.58574295999847,460.89352,,,,
mb-phonons-0570,765.585718266041,,,,,795.49396
mb-phonons-0571,250.5857591579644,,,248.89859,,
mb-phonons-0572,221.58576146061642,,,,227.68758,
mb-phonons-0573,2551.585576454439,,,,,2553.6558
mb-phonons-0574,726.5857213627112,,,,735.5619,
mb-phonons-0575,226.58576106360744,221.12463,,,,
mb-phonons-0576,456.97355178318014,,431.97308,,,
mb-phonons-0577,598.5857315261405,,,,,582.35034
mb-phonons-0578,763.4585635073801,756.1771,,,,
mb-phonons-0579,204.58576281044685,,,204.02531,,
mb-phonons-0580,477.5857411337574,,,,499.31686,
mb-phonons-0581,229.585760825402,225.66357,,,,
mb-phonons-0582,618.5857299381046,,,,626.10236,
mb-phonons-0583,564.5857342258015,,,,620.70654,
mb-phonons-0584,1500.5856599057229,1565.6932,,,,
mb-phonons-0585,641.5857281118634,,,,648.7218,
mb-phonons-0586,662.5857264444257,,,,643.81384,
mb-phonons-0587,672.5857256504078,,,,,684.37897
mb-phonons-0588,572.5857335905872,603.9211,,,,
mb-phonons-0589,328.5857529646245,,366.99063,,,
mb-phonons-0590,977.585701432861,,1007.16095,,,
mb-phonons-0591,316.58575391744614,305.92975,,,,
mb-phonons-0592,735.5857206480949,,736.7944,,,
mb-phonons-0593,144.5857675745544,,,135.35858,,
mb-phonons-0594,278.5857569347142,,,295.13577,,
mb-phonons-0595,2148.5856084533616,,,2191.3804,,
mb-phonons-0596,747.6702578770523,,735.1339,,,
mb-phonons-0597,816.5857142165497,788.9911,,,,
mb-phonons-0598,345.58575161479416,,,366.1932,,
mb-phonons-0599,904.585707229192,,,968.60406,,
mb-phonons-0600,607.5857308115244,,,,,657.61273
mb-phonons-0601,1154.5856873787438,,,1101.016,,
mb-phonons-0602,599.5857314467387,,,,584.6612,
mb-phonons-0603,619.5857298587027,,603.94293,,,
mb-phonons-0604,679.5857250945952,,,,,689.79
mb-phonons-0605,429.5857449450435,,434.0462,,,
mb-phonons-0606,1470.585662287777,,,1539.5752,,
mb-phonons-0607,266.8364515022847,,,,294.18292,
mb-phonons-0608,1173.5856858701095,,,,,1192.1178
mb-phonons-0609,84.58577233866201,,,,,98.26548
mb-phonons-0610,352.5857510589816,,364.7625,,,
mb-phonons-0611,644.585727873658,,,,,643.81506
mb-phonons-0612,325.58575320282995,,330.62265,,,
mb-phonons-0613,1128.5856894431904,,,,1194.3424,
mb-phonons-0614,462.5857423247843,,,,,475.25186
mb-phonons-0615,873.5857096906476,,,,,832.28455
mb-phonons-0616,381.5857487563297,,401.19202,,,
mb-phonons-0617,474.58574137196274,471.8966,,,,
mb-phonons-0618,739.5857203304878,,,738.3147,,
mb-phonons-0619,331.5857527264192,,,384.26196,,
mb-phonons-0620,1077.5856934926821,1068.6328,,,,
mb-phonons-0621,400.58574724769545,380.8684,,,,
mb-phonons-0622,249.5857592373661,246.83977,,,,
mb-phonons-0623,656.5857269208365,,664.5711,,,
mb-phonons-0624,476.58574121315917,,,478.39728,,
mb-phonons-0625,710.5857226331398,,,,,761.73883
mb-phonons-0626,895.0107895499382,,,,897.3558,
mb-phonons-0627,795.5857158839873,,,,,787.5527
mb-phonons-0628,477.5857411337574,,463.23087,,,
mb-phonons-0629,601.5857312879351,,,,,605.90717
mb-phonons-0630,350.5857512177851,,,,372.79156,
mb-phonons-0631,1065.5856944455031,,,,,1064.922
mb-phonons-0632,465.5857420865789,,,484.77966,,
mb-phonons-0633,539.5857362108462,521.4483,,,,
mb-phonons-0634,614.5857302557117,590.96783,,,,
mb-phonons-0635,462.5857423247843,,,,,429.08804
mb-phonons-0636,1018.5856981773877,,,998.3168,,
mb-phonons-0637,735.538617696687,,,,,816.08704
mb-phonons-0638,381.5857487563297,,,,388.01523,
mb-phonons-0639,2264.5855992427537,,,,2364.5857,
mb-phonons-0640,1234.5856810266002,,,1191.5686,,
mb-phonons-0641,602.5857312085333,,,,,600.7978
mb-phonons-0642,331.5857527264192,,,,330.12558,
mb-phonons-0643,653.5857271590419,,,622.0129,,
mb-phonons-0644,249.5857592373661,224.00829,,,,
mb-phonons-0645,145.58576749515262,,,,173.96245,
mb-phonons-0646,1804.5856357675784,,,,,1749.1675
mb-phonons-0647,798.5857156457819,765.75806,,,,
mb-phonons-0648,615.58573017631,,,,,614.21686
mb-phonons-0649,342.5857518529994,,,,340.08347,
mb-phonons-0650,469.58574176897173,,,,472.32068,
mb-phonons-0651,347.58575145599053,352.38297,,,,
mb-phonons-0652,607.5857308115244,,,,,602.9287
mb-phonons-0653,399.5857473270973,,405.15002,,,
mb-phonons-0654,662.5857264444257,,,,681.6683,
mb-phonons-0655,1132.5856891255833,1148.3174,,,,
mb-phonons-0656,486.5857404191413,,555.93335,,,
mb-phonons-0657,334.58575248821387,,,,332.15118,
mb-phonons-0658,358.5857505825708,,,,363.91956,
mb-phonons-0659,793.3945295514336,,,,,800.69666
mb-phonons-0660,173.5857652719024,184.0056,,,,
mb-phonons-0661,347.58575145599053,,,358.09406,,
mb-phonons-0662,358.5857505825708,,364.8976,,,
mb-phonons-0663,801.5857154075765,,,794.4398,,
mb-phonons-0664,506.5857388311055,,,,527.1804,
mb-phonons-0665,395.5857476447045,385.149,,,,
mb-phonons-0666,310.5857543938568,,,,,366.37454
mb-phonons-0667,549.5857354168284,,,535.7761,,
mb-phonons-0668,184.5857643984827,,,183.73181,,
mb-phonons-0669,173.5857652719024,,,,,155.66136
mb-phonons-0670,625.5857293822921,,,,599.4892,
mb-phonons-0671,478.5857410543556,,,,,495.9912
mb-phonons-0672,581.585732875971,,,,,576.12933
mb-phonons-0673,307.5857546320623,293.85822,,,,
mb-phonons-0674,165.17565028761243,194.43288,,,,
mb-phonons-0675,1178.466445510251,,,,1205.0132,
mb-phonons-0676,257.5857586021519,,249.04205,,,
mb-phonons-0677,708.8707572993352,693.7195,,,,
mb-phonons-0678,641.5857281118634,,667.8075,,,
mb-phonons-0679,573.5857335111854,,,,,560.6426
mb-phonons-0680,744.6165269361184,,745.4824,,,
mb-phonons-0681,515.5857381164893,,,,,474.74258
mb-phonons-0682,925.5857055617543,,,,878.2773,
mb-phonons-0683,1184.5856849966901,,,,,1161.6675
mb-phonons-0684,2160.58560750054,,,,,1718.1481
mb-phonons-0685,550.5857353374264,,,,528.62354,
mb-phonons-0686,624.5857294616939,,,628.7014,,
mb-phonons-0687,608.5857307321222,,,,586.8885,
mb-phonons-0688,658.2016401888546,735.2149,,,,
mb-phonons-0689,610.585730573319,,616.22217,,,
mb-phonons-0690,460.58574248358804,,,,,430.93677
mb-phonons-0691,694.5857239035686,,,747.73975,,
mb-phonons-0692,1283.5856771359124,,,,1307.3339,
mb-phonons-0693,1033.8940424655252,,,,1121.7601,
mb-phonons-0694,631.5857289058813,,,,615.69037,
mb-phonons-0695,447.58574351581115,,,,,417.19293
mb-phonons-0696,507.58573875170373,,,,,508.0578
mb-phonons-0697,687.5584521825792,,,,,669.4174
mb-phonons-0698,628.5857291440867,,652.2305,,,
mb-phonons-0699,234.5857604283931,,,,,250.76251
mb-phonons-0700,390.58574804171343,,,,,389.56723
mb-phonons-0701,374.5857493121421,,,,,407.61905
mb-phonons-0702,512.5857383546946,522.88873,,,,
mb-phonons-0703,470.5857416895698,462.94278,,,,
mb-phonons-0704,631.5857289058813,,,,,638.5616
mb-phonons-0705,509.5857385929,,,,,511.77063
mb-phonons-0706,542.5857359726408,,,521.72437,,
mb-phonons-0707,628.5857291440867,,,616.3755,,
mb-phonons-0708,574.5857334317835,,,,,602.40955
mb-phonons-0709,811.5857146135588,763.9511,,,,
mb-phonons-0710,735.6805937023079,733.60565,,,,
mb-phonons-0711,605.585730970328,,644.946,,,
mb-phonons-0712,663.5857263650239,681.3407,,,,
mb-phonons-0713,1384.5856691163315,,,1330.0022,,
mb-phonons-0714,680.5857250151935,,,,,684.0873
mb-phonons-0715,802.5857153281747,,791.3513,,,
mb-phonons-0716,1194.5856842026724,,,,,1153.1598
mb-phonons-0717,1208.1195814195778,,1230.8097,,,
mb-phonons-0718,339.58575209120477,,,,352.83292,
mb-phonons-0719,1194.9022217453005,1220.6519,,,,
mb-phonons-0720,334.58575248821387,,,,,333.5958
mb-phonons-0721,385.58574843872236,,,400.58777,,
mb-phonons-0722,2063.585615202514,,2109.5676,,,
mb-phonons-0723,336.58575232941024,,,,,279.35812
mb-phonons-0724,652.5857272384436,,,,704.215,
mb-phonons-0725,480.58574089555196,,,,,354.9914
mb-phonons-0726,1151.5856876169494,,1285.509,,,
mb-phonons-0727,811.5857146135588,,,,,827.18445
mb-phonons-0728,785.5857166780053,,755.8376,,,
mb-phonons-0729,637.5857284294706,,,,625.9959,
mb-phonons-0730,1145.58568809336,,,,1113.4398,
mb-phonons-0731,330.5857528058209,,,,,328.85773
mb-phonons-0732,334.58575248821387,331.45453,,,,
mb-phonons-0733,442.58574391282013,,,410.6918,,
mb-phonons-0734,793.585716042791,758.1069,,,,
mb-phonons-0735,543.5857358932392,,529.02045,,,
mb-phonons-0736,247.5857593961698,,261.33142,,,
mb-phonons-0737,459.58574256298965,,,,411.12936,
mb-phonons-0738,268.5857577287321,,266.7094,,,
mb-phonons-0739,422.0160755603324,,391.55765,,,
mb-phonons-0740,435.58574446863264,,,,417.6681,
mb-phonons-0741,1074.5856937308872,1113.5928,,,,
mb-phonons-0742,501.58573922811433,,538.83826,,,
mb-phonons-0743,2145.585608691567,,,2427.5684,,
mb-phonons-0744,223.58576130181282,,,,247.45215,
mb-phonons-0745,329.58575288522275,,,,314.5501,
mb-phonons-0746,294.5857556642855,337.6437,,,,
mb-phonons-0747,2084.5856135350764,,,2333.936,,
mb-phonons-0748,430.5857448656418,,393.3134,,,
mb-phonons-0749,225.5857611430092,,226.23639,,,
mb-phonons-0750,133.58576844797415,,,169.50159,,
mb-phonons-0751,322.5857534410353,,,,,320.909
mb-phonons-0752,604.5857310497298,,,,,656.8379
mb-phonons-0753,234.5857604283931,234.19533,,,,
mb-phonons-0754,168.5857656689114,,,168.56606,,
mb-phonons-0755,202.58576296925045,,,,,207.04814
mb-phonons-0756,259.58575844334825,,,,230.70203,
mb-phonons-0757,247.5857593961698,,306.05228,,,
mb-phonons-0758,126.58576900378668,,,,,135.54547
mb-phonons-0759,120.58576948019743,102.926994,,,,
mb-phonons-0760,271.5857574905268,,247.14081,,,
mb-phonons-0761,87.5857721004566,,71.99411,,,
mb-phonons-0762,849.5857115962906,,,,,867.21045
mb-phonons-0763,207.58576257224152,,,,197.11674,
mb-phonons-0764,184.5857643984827,,186.82027,,,
mb-phonons-0765,192.58576376326835,,,,197.79326,
mb-phonons-0766,236.5857602695895,,,,,230.82986
mb-phonons-0767,154.5857667805365,,,,,147.70543
mb-phonons-0768,348.5857513765887,,,347.53085,,
mb-phonons-0769,236.5857602695895,238.91301,,,,
mb-phonons-0770,149.58576717754542,,134.46066,,,
mb-phonons-0771,375.58574923274034,,377.6745,,,
mb-phonons-0772,240.5857599519823,,,,246.3641,
mb-phonons-0773,2181.5856058331024,,,2588.286,,
mb-phonons-0774,365.5857500267583,,,385.15805,,
mb-phonons-0775,473.5857414513646,,,,502.9237,
mb-phonons-0776,287.5857562200981,,,,,294.7633
mb-phonons-0777,123.58576924199207,,,,129.80328,
mb-phonons-0778,215.5857619370272,,,,195.91428,
mb-phonons-0779,1205.5856833292526,,,1192.5952,,
mb-phonons-0780,620.585729779301,,616.9215,,,
mb-phonons-0781,313.58575415565144,,,322.9226,,
mb-phonons-0782,108.58577043301895,,,,97.45955,
mb-phonons-0783,321.5857535204372,,313.4886,,,
mb-phonons-0784,1241.5856804707878,1062.5514,,,,
mb-phonons-0785,59.585774323706815,74.05391,,,,
mb-phonons-0786,72.58577329148352,,,78.68752,,
mb-phonons-0787,344.5857516941958,352.30664,,,,
mb-phonons-0788,324.58575328223185,310.5619,,,,
mb-phonons-0789,980.5857011946556,,,1014.4493,,
mb-phonons-0790,122.58576932139387,,,,127.54472,
mb-phonons-0791,400.58574724769545,,,,,428.59286
mb-phonons-0792,201.58576304865227,,,,193.82915,
mb-phonons-0793,85.58577225926021,,,,77.98815,
mb-phonons-0794,231.60760465794567,,,,230.68428,
mb-phonons-0795,436.58574438923085,,451.25208,,,
mb-phonons-0796,542.5857359726408,,563.5504,,,
mb-phonons-0797,114.5857699566082,102.870804,,,,
mb-phonons-0798,2092.585612899862,,,,2041.9973,
mb-phonons-0799,689.5857243005772,,674.9712,,,
mb-phonons-0800,1062.5856946837089,,1040.19,,,
mb-phonons-0801,592.5857320025513,616.38464,,,,
mb-phonons-0802,617.5857300175064,,,623.5259,,
mb-phonons-0803,488.5857402603377,498.4501,,,,
mb-phonons-0804,634.585728667676,,,,,607.48126
mb-phonons-0805,457.5857427217933,,463.08484,,,
mb-phonons-0806,293.58575574368734,,293.70694,,,
mb-phonons-0807,256.58575868155367,,,229.26341,,
mb-phonons-0808,309.58575447325865,,,,,310.38336
mb-phonons-0809,503.5857390693108,,,,,446.74582
mb-phonons-0810,61.58577416490324,,,,,55.658115
mb-phonons-0811,500.5857393075161,496.47882,,,,
mb-phonons-0812,680.5857250151935,,,,,667.9341
mb-phonons-0813,3305.585516585488,3225.4482,,,,
mb-phonons-0814,3289.585517855917,,,3277.3396,,
mb-phonons-0815,3261.585520079166,,3273.9482,,,
mb-phonons-0816,791.5857162015947,,,,,827.82245
mb-phonons-0817,675.5857254122026,,,,,673.7943
mb-phonons-0818,2552.585576375037,,,,2521.085,
mb-phonons-0819,1153.5856874581455,,,,1129.0077,
mb-phonons-0820,333.5857525676157,,,,,323.81003
mb-phonons-0821,375.58574923274034,396.92383,,,,
mb-phonons-0822,218.58576169882184,,,206.05441,,
mb-phonons-0823,2275.5855983693336,1994.227,,,,
mb-phonons-0824,3592.585493797173,3546.9836,,,,
mb-phonons-0825,2071.5856145673,1794.3309,,,,
mb-phonons-0826,2097.585612502853,,2077.6929,,,
mb-phonons-0827,2094.5856127410584,,,,,2010.5051
mb-phonons-0828,1872.5856303682565,1973.124,,,,
mb-phonons-0829,1867.5856307652653,,2155.4822,,,
mb-phonons-0830,2100.5856122646483,,,,2121.9617,
mb-phonons-0831,1191.5856844408775,,1311.2067,,,
mb-phonons-0832,1220.5856821382256,,,,,1296.17
mb-phonons-0833,402.585747088892,,,451.79102,,
mb-phonons-0834,1519.5856583970894,,,1563.4402,,
mb-phonons-0835,1520.5856583176874,,,,1526.2554,
mb-phonons-0836,1153.1905864961611,,1144.5875,,,
mb-phonons-0837,643.5857279530597,,,,,592.0919
mb-phonons-0838,1310.585674992064,,,,,1295.141
mb-phonons-0839,719.5857219185235,800.79944,,,,
mb-phonons-0840,547.5857355756318,,558.4806,,,
mb-phonons-0841,1271.585678088734,,,,,1280.8389
mb-phonons-0842,289.5857560612945,,,289.3902,,
mb-phonons-0843,852.4579164643103,,,831.90466,,
mb-phonons-0844,271.5857574905268,,,,298.97986,
mb-phonons-0845,302.5857550290712,,,,,267.06235
mb-phonons-0846,268.5857577287321,,,,263.1465,
mb-phonons-0847,221.58576146061642,,,,,234.53761
mb-phonons-0848,213.01151280128758,,,179.67162,,
mb-phonons-0849,240.5857599519823,,213.49152,,,
mb-phonons-0850,767.5857181072374,,,,,781.89087
mb-phonons-0851,1147.5856879345565,,,,1162.4712,
mb-phonons-0852,458.5857426423914,,404.591,,,
mb-phonons-0853,121.58576940079568,,,,117.647064,
mb-phonons-0854,296.585755505482,,,280.16156,,
mb-phonons-0855,363.58575018556184,,,,336.89178,
mb-phonons-0856,1524.5856580000805,,,,1685.9156,
mb-phonons-0857,1373.585669989751,,,1435.6212,,
mb-phonons-0858,1177.5856855525024,,,,1182.6353,
mb-phonons-0859,575.5857333523818,,,,,569.22614
mb-phonons-0860,468.9700846237468,,,446.03915,,
mb-phonons-0861,406.58574677128473,,396.67004,,,
mb-phonons-0862,2564.458303244592,2492.1821,,,,
mb-phonons-0863,1976.585622110471,,,,,1829.5173
mb-phonons-0864,1733.5856414051057,1657.3014,,,,
mb-phonons-0865,1853.58563187689,1670.8849,,,,
mb-phonons-0866,1188.5856846790828,,,,1240.081,
mb-phonons-0867,3337.58551404463,,,3437.9055,,
mb-phonons-0868,652.5857272384436,,667.42804,,,
mb-phonons-0869,361.5857503443654,,,351.6841,,
mb-phonons-0870,552.5857351786229,517.0038,,,,
mb-phonons-0871,412.58574629487396,,,,387.94882,
mb-phonons-0872,777.5857173132196,,,,,842.1192
mb-phonons-0873,1177.5856855525024,,,1187.1312,,
mb-phonons-0874,1309.585675071466,,,,1283.9008,
mb-phonons-0875,640.5857281912653,629.5018,,,,
mb-phonons-0876,479.58574097495386,478.41058,,,,
mb-phonons-0877,185.58576431908094,,211.68358,,,
mb-phonons-0878,335.58575240881197,,323.53952,,,
mb-phonons-0879,260.58575836394647,,,239.04918,,
mb-phonons-0880,526.5857372430696,,,516.758,,
mb-phonons-0881,436.58574438923085,,,,,430.52536
mb-phonons-0882,742.5857200922823,,713.6245,,,
mb-phonons-0883,845.5857119138975,,849.092,,,
mb-phonons-0884,887.811580454068,,862.21906,,,
mb-phonons-0885,258.58575852275004,254.09254,,,,
mb-phonons-0886,165.58576590711678,,,,161.98108,
mb-phonons-0887,442.58574391282013,360.04562,,,,
mb-phonons-0888,226.58576106360744,,,246.37637,,
mb-phonons-0889,605.585730970328,587.0711,,,,
mb-phonons-0890,445.5857436746148,,470.74744,,,
mb-phonons-0891,533.585736687257,,512.31836,,,
mb-phonons-0892,501.58573922811433,,,,462.756,
mb-phonons-0893,1394.5856683223135,,,,1369.645,
mb-phonons-0894,910.5857067527812,,899.4707,,,
mb-phonons-0895,500.5857393075161,,,,,503.23843
mb-phonons-0896,614.5857302557117,,592.68335,,,
mb-phonons-0897,856.608845977842,,,,830.11505,
mb-phonons-0898,207.58576257224152,,,,,207.11954
mb-phonons-0899,244.5857596343752,,257.26062,,,
mb-phonons-0900,2096.5856125822547,,2081.0493,,,
mb-phonons-0901,194.5857636044648,,214.3264,,,
mb-phonons-0902,353.58575097957976,,362.37585,,,
mb-phonons-0903,206.5857626516433,,,,201.22217,
mb-phonons-0904,371.58574955034754,,,405.165,,
mb-phonons-0905,452.5857431188022,,,,487.5959,
mb-phonons-0906,232.5857605871967,,,,228.63353,
mb-phonons-0907,237.58576019018776,228.7452,,,,
mb-phonons-0908,439.5857441510256,482.5587,,,,
mb-phonons-0909,669.5857258886133,,680.3312,,,
mb-phonons-0910,628.5857291440867,,,,625.278,
mb-phonons-0911,620.585729779301,632.98755,,,,
mb-phonons-0912,490.5857401015341,,,470.2263,,
mb-phonons-0913,1321.5856741186446,,1409.9006,,,
mb-phonons-0914,509.5857385929,,,,,530.4441
mb-phonons-0915,834.5857127873172,,,,780.92596,
mb-phonons-0916,674.5857254916042,,,,536.0959,
mb-phonons-0917,536.7372200565968,,541.5333,,,
mb-phonons-0918,465.5857420865789,,,,461.5232,
mb-phonons-0919,749.5857195364697,,,,,788.2872
mb-phonons-0920,1342.5856724512068,,,1292.606,,
mb-phonons-0921,926.5857054823524,,,836.4808,,
mb-phonons-0922,365.5857500267583,,,,,444.5107
mb-phonons-0923,2657.585568037849,,,2856.8115,,
mb-phonons-0924,734.5857207274968,735.21936,,,,
mb-phonons-0925,142.58576773335804,,,,,153.20879
mb-phonons-0926,572.5857335905872,,577.7326,,,
mb-phonons-0927,589.5857322407568,,,,,643.72174
mb-phonons-0928,740.5857202510858,,738.99475,,,
mb-phonons-0929,619.5857298587027,,620.73883,,,
mb-phonons-0930,199.5857632074558,,,192.07758,,
mb-phonons-0931,537.5857363696499,,,,545.32935,
mb-phonons-0932,225.5857611430092,,,,248.20541,
mb-phonons-0933,163.58576606592038,,,,,197.9583
mb-phonons-0934,237.58576019018776,,,242.35855,,
mb-phonons-0935,861.5857106434689,798.65015,,,,
mb-phonons-0936,480.58574089555196,,,,,465.0368
mb-phonons-0937,477.5857411337574,,,,,531.4853
mb-phonons-0938,541.5857360520424,,,,,584.03357
mb-phonons-0939,539.5857362108462,,,,542.7746,
mb-phonons-0940,539.651141832417,,,,545.6373,
mb-phonons-0941,737.4038770818173,,,,757.41064,
mb-phonons-0942,1129.5856893637886,,,,,1125.6598
mb-phonons-0943,464.58574216598083,,,477.12445,,
mb-phonons-0944,596.5857316849441,,,,,572.652
mb-phonons-0945,296.585755505482,295.58752,,,,
mb-phonons-0946,781.5857169956122,,,,,756.9617
mb-phonons-0947,310.5857543938568,,,,,320.30423
mb-phonons-0948,520.5857377194803,,520.37823,,,
mb-phonons-0949,270.5857575699285,,,,295.0671,
mb-phonons-0950,611.5857304939171,,681.5362,,,
mb-phonons-0951,934.5857048471382,,,,920.1068,
mb-phonons-0952,745.585719854077,764.8655,,,,
mb-phonons-0953,932.5857050059418,,857.9565,,,
mb-phonons-0954,227.5857609842057,,225.98143,,,
mb-phonons-0955,195.58576352506302,,,,192.4972,
mb-phonons-0956,544.5857358138372,538.0923,,,,
mb-phonons-0957,289.5857560612945,,,,,297.17767
mb-phonons-0958,447.58574351581115,,,,475.43307,
mb-phonons-0959,229.585760825402,,,246.71094,,
mb-phonons-0960,289.5857560612945,,,,321.0642,
mb-phonons-0961,663.5857263650239,702.5066,,,,
mb-phonons-0962,603.5857311291314,,,,,627.0757
mb-phonons-0963,193.5857636838666,180.87914,,,,
mb-phonons-0964,319.58575367924067,,328.59528,,,
mb-phonons-0965,450.5857432776057,397.3025,,,,
mb-phonons-0966,381.5857487563297,,369.02237,,,
mb-phonons-0967,759.5857187424518,,,800.6238,,
mb-phonons-0968,190.58576392207195,,,,,197.9965
mb-phonons-0969,222.5857613812146,,216.15172,,,
mb-phonons-0970,192.58576376326835,,,203.79526,,
mb-phonons-0971,426.5857451832489,,,,,405.35706
mb-phonons-0972,769.1800191221088,,,,,770.9748
mb-phonons-0973,444.58574375401656,,,461.65112,,
mb-phonons-0974,607.5857308115244,618.36115,,,,
mb-phonons-0975,1208.585683091047,1209.6504,,,,
mb-phonons-0976,990.5857004006378,,923.7877,,,
mb-phonons-0977,674.5857254916042,,,573.7365,,
mb-phonons-0978,832.5857129461209,,866.0902,,,
mb-phonons-0979,829.0174567200193,,802.8515,,,
mb-phonons-0980,562.5857343846051,,548.323,,,
mb-phonons-0981,465.5857420865789,,,,,457.036
mb-phonons-0982,387.5857482799189,381.78378,,,,
mb-phonons-0983,332.5857526470174,313.23447,,,,
mb-phonons-0984,332.5857526470174,331.6986,,,,
mb-phonons-0985,329.58575288522275,332.59274,,,,
mb-phonons-0986,635.5857285882743,650.504,,,,
mb-phonons-0987,642.5857280324616,,653.9331,,,
mb-phonons-0988,632.5857288264797,643.1068,,,,
mb-phonons-0989,351.58575113838333,325.35312,,,,
mb-phonons-0990,350.5857512177851,337.3262,,,,
mb-phonons-0991,426.5857451832489,,,365.77255,,
mb-phonons-0992,357.5857506619725,,,,,421.37823
mb-phonons-0993,375.58574923274034,322.34415,,,,
mb-phonons-0994,266.5857578875357,256.98108,,,,
mb-phonons-0995,259.58575844334825,,,249.3732,,
mb-phonons-0996,423.1282952930162,,,,,425.70593
mb-phonons-0997,449.5857433570076,447.01337,,,,
mb-phonons-0998,443.58574383341835,,,447.62933,,
mb-phonons-0999,615.58573017631,,,602.4184,,
mb-phonons-1000,269.5857576493304,,,,,297.60974
mb-phonons-1001,1343.585672371805,,,,,1319.9447
mb-phonons-1002,375.58574923274034,,381.25366,,,
mb-phonons-1003,326.5857531234282,,,,,313.38712
mb-phonons-1004,729.6775748147577,712.40936,,,,
mb-phonons-1005,674.5857254916042,,,,674.0656,
mb-phonons-1006,174.58576519250062,,,,179.38588,
mb-phonons-1007,799.5857155663801,,,,789.54834,
mb-phonons-1008,903.5857073085936,,914.6423,,,
mb-phonons-1009,849.5857115962906,,,864.67206,,
mb-phonons-1010,647.5857276354526,,,645.72473,,
mb-phonons-1011,1531.5856574442678,,,,1535.423,
mb-phonons-1012,545.5857357344355,,,545.7551,,
mb-phonons-1013,282.58575661710705,,268.59805,,,
mb-phonons-1014,533.585736687257,,530.8879,,,
mb-phonons-1015,418.58574581846324,,,,413.0974,
mb-phonons-1016,411.5857463742758,,,434.63528,,
mb-phonons-1017,354.58575090017797,378.84442,,,,
mb-phonons-1018,1445.585664272822,,,,,1430.4164
mb-phonons-1019,483.81583242757483,542.743,,,,
mb-phonons-1020,557.585734781614,,,,,551.3196
mb-phonons-1021,588.5857323201583,,,,597.0186,
mb-phonons-1022,464.58574216598083,,,476.37698,,
mb-phonons-1023,739.5857203304878,,,694.8956,,
mb-phonons-1024,734.5857207274968,,730.73706,,,
mb-phonons-1025,689.5857243005772,,,720.35547,,
mb-phonons-1026,588.5857323201583,,,,,602.4394
mb-phonons-1027,478.5857410543556,,,,482.45926,
mb-phonons-1028,616.5857300969083,,,,636.2037,
mb-phonons-1029,621.5857296998992,,,594.6396,,
mb-phonons-1030,310.5857543938568,,,,363.4664,
mb-phonons-1031,505.58573891050713,,,,508.32254,
mb-phonons-1032,2109.5856115500314,,2080.9395,,,
mb-phonons-1033,314.5857540762497,,,,304.95352,
mb-phonons-1034,288.5857561406963,,,,,284.6963
mb-phonons-1035,310.5857543938568,336.6694,,,,
mb-phonons-1036,276.58575709351777,279.4671,,,,
mb-phonons-1037,288.5857561406963,,,,,288.6298
mb-phonons-1038,462.6991086384732,,409.62595,,,
mb-phonons-1039,440.3395289741532,,343.46594,,,
mb-phonons-1040,670.5857258092112,,,,,672.07263
mb-phonons-1041,494.58573978392684,,,564.796,,
mb-phonons-1042,726.5857213627112,728.40656,,,,
mb-phonons-1043,166.585765827715,126.7709,,,,
mb-phonons-1044,731.5857209657021,,,,721.2514,
mb-phonons-1045,436.58574438923085,438.8416,,,,
mb-phonons-1046,459.58574256298965,,545.0865,,,
mb-phonons-1047,384.58574851812415,,,,351.78836,
mb-phonons-1048,456.5857428011951,,,431.19138,,
mb-phonons-1049,496.5857396251232,,,,,493.1968
mb-phonons-1050,800.5857154869783,,959.2657,,,
mb-phonons-1051,243.5857597137769,240.0711,,,,
mb-phonons-1052,125.58576908318848,,,,,141.42465
mb-phonons-1053,399.5857473270973,,,,,380.7553
mb-phonons-1054,356.58575074137434,362.74356,,,,
mb-phonons-1055,204.58576281044685,,252.48215,,,
mb-phonons-1056,213.47561009872064,190.12402,,,,
mb-phonons-1057,1186.5856848378864,1152.6996,,,,
mb-phonons-1058,717.5857220773271,,,667.61865,,
mb-phonons-1059,250.5857591579644,,246.87466,,,
mb-phonons-1060,1091.5856923810568,1236.8275,,,,
mb-phonons-1061,113.58577003600998,,,,,135.93134
mb-phonons-1062,442.58574391282013,,,430.82214,,
mb-phonons-1063,208.5857624928397,,,233.83656,,
mb-phonons-1064,207.58576257224152,,,216.10692,,
mb-phonons-1065,175.58576511309886,,,,216.29486,
mb-phonons-1066,107.58577051242077,95.827354,,,,
mb-phonons-1067,94.58577154464407,89.64283,,,,
mb-phonons-1068,354.58575090017797,,,377.8417,,
mb-phonons-1069,493.5857398633288,,440.41946,,,
mb-phonons-1070,195.58576352506302,188.68533,,,,
mb-phonons-1071,168.24815042310587,,183.66544,,,
mb-phonons-1072,412.58574629487396,,,,462.16885,
mb-phonons-1073,143.5857676539562,,,146.86623,,
mb-phonons-1074,122.58576932139387,,,,99.7908,
mb-phonons-1075,121.58576940079568,,129.4057,,,
mb-phonons-1076,618.5857299381046,,,,580.77527,
mb-phonons-1077,1315.585674595055,1327.5852,,,,
mb-phonons-1078,251.99023701445657,264.9862,,,,
mb-phonons-1079,731.5857209657021,696.0207,,,,
mb-phonons-1080,376.58574915333855,,,,391.04434,
mb-phonons-1081,353.58575097957976,,,,,339.34177
mb-phonons-1082,324.58575328223185,,,,323.7556,
mb-phonons-1083,366.5857499473565,340.65552,,,,
mb-phonons-1084,693.5857239829703,,,,698.5249,
mb-phonons-1085,474.58574137196274,,437.1691,,,
mb-phonons-1086,603.5857311291314,,616.1678,,,
mb-phonons-1087,673.585725571006,,,,,688.7096
mb-phonons-1088,566.5857340669977,,,,553.0046,
mb-phonons-1089,284.58575645830336,,,,,271.26477
mb-phonons-1090,716.5857221567288,,,,717.90625,
mb-phonons-1091,450.5857432776057,,518.27075,,,
mb-phonons-1092,1052.5856954777264,,,,,1155.608
mb-phonons-1093,1106.5856911900298,1201.3306,,,,
mb-phonons-1094,418.58574581846324,,,,,423.15906
mb-phonons-1095,366.5857499473565,,350.80328,,,
mb-phonons-1096,376.58574915333855,373.54758,,,,
mb-phonons-1097,179.58576479549168,,,177.21078,,
mb-phonons-1098,1376.5856697515458,,,1415.6674,,
mb-phonons-1099,656.5857269208365,657.03735,,,,
mb-phonons-1100,262.5857582051429,,,277.70285,,
mb-phonons-1101,217.5857617782236,,,205.41237,,
mb-phonons-1102,463.58574224538256,,,489.69067,,
mb-phonons-1103,214.585762016429,,,,,240.18549
mb-phonons-1104,657.5857268414347,,,,690.05804,
mb-phonons-1105,405.017588021876,,,,,409.62457
mb-phonons-1106,795.5857158839873,794.53094,,,,
mb-phonons-1107,203.58576288984864,199.71307,,,,
mb-phonons-1108,335.58575240881197,,328.3703,,,
mb-phonons-1109,481.5857408161503,,,456.39786,,
mb-phonons-1110,254.58575884035724,,258.1362,,,
mb-phonons-1111,313.352607426604,353.35315,,,,
mb-phonons-1112,357.5857506619725,,,,330.29044,
mb-phonons-1113,657.5857268414347,,,,669.8553,
mb-phonons-1114,652.5857272384436,,,658.2177,,
mb-phonons-1115,644.585727873658,,650.1617,,,
mb-phonons-1116,894.5857080232097,,,883.3777,,
mb-phonons-1117,711.5857225537379,,,748.66406,,
mb-phonons-1118,630.5857289852831,,676.31464,,,
mb-phonons-1119,282.39473424405037,299.86383,,,,
mb-phonons-1120,504.5857389899089,,,,490.38556,
mb-phonons-1121,286.5857562994999,,281.68536,,,
mb-phonons-1122,869.7640424355068,826.98834,,,,
mb-phonons-1123,239.5857600313841,,225.01459,,,
mb-phonons-1124,228.58576090480392,,,,246.4453,
mb-phonons-1125,272.585757411125,,,,286.2507,
mb-phonons-1126,1204.5856834086542,,1266.3849,,,
mb-phonons-1127,346.5857515353923,,,,,356.52423
mb-phonons-1128,1298.5856759448855,,,,,1276.9335
mb-phonons-1129,584.5857326377655,,590.71155,,,
mb-phonons-1130,252.58575899916082,,,,,263.95056
mb-phonons-1131,486.5857404191413,,,,,469.3564
mb-phonons-1132,359.5857505031691,,363.3861,,,
mb-phonons-1133,188.58576408087555,,,233.62723,,
mb-phonons-1134,186.5857642396791,,,,192.22768,
mb-phonons-1135,223.58576130181282,,242.45837,,,
mb-phonons-1136,666.5857261268186,,,,,662.2834
mb-phonons-1137,659.5857266826313,,,647.2645,,
mb-phonons-1138,331.5857527264192,,,350.57327,,
mb-phonons-1139,446.0864616460566,,,,415.09335,
mb-phonons-1140,250.5857591579644,,,252.02525,,
mb-phonons-1141,580.256144779931,,,,,568.26776
mb-phonons-1142,590.5857321613547,588.13165,,,,
mb-phonons-1143,341.58575193240125,357.8979,,,,
mb-phonons-1144,242.58575979317882,,,240.11145,,
mb-phonons-1145,241.58575987258044,,,,,242.85071
mb-phonons-1146,308.58575455266043,,,332.38904,,
mb-phonons-1147,624.5857294616939,,,,648.25604,
mb-phonons-1148,781.5857169956122,,,798.7285,,
mb-phonons-1149,497.5857395457216,,,,525.5709,
mb-phonons-1150,306.58575471146406,307.841,,,,
mb-phonons-1151,254.58575884035724,,,258.11774,,
mb-phonons-1152,259.58575844334825,,,253.74889,,
mb-phonons-1153,252.58575899916082,,,,250.63512,
mb-phonons-1154,328.5857529646245,,,,,324.38754
mb-phonons-1155,297.5857554260802,,,285.4163,,
mb-phonons-1156,212.5857621752325,227.68152,,,,
mb-phonons-1157,468.58574184837363,496.13348,,,,
mb-phonons-1158,493.5857398633288,,479.93872,,,
mb-phonons-1159,783.5857168368087,,773.89,,,
mb-phonons-1160,2042.5856168699515,,,,,2026.0546
mb-phonons-1161,276.58575709351777,,,239.81067,,
mb-phonons-1162,315.58575399684787,,,279.10693,,
mb-phonons-1163,273.5857573317232,,,260.8126,,
mb-phonons-1164,248.585759316768,271.96887,,,,
mb-phonons-1165,305.58575479086585,,341.39157,,,
mb-phonons-1166,223.58576130181282,,,,,215.90912
mb-phonons-1167,211.58576225463432,205.4466,,,,
mb-phonons-1168,196.5857634456612,,,205.73038,,
mb-phonons-1169,364.5857501061601,,389.96118,,,
mb-phonons-1170,368.58574978855285,,,,359.34512,
mb-phonons-1171,320.5857535998389,362.05984,,,,
mb-phonons-1172,211.58576225463432,,,,220.3037,
mb-phonons-1173,177.58576495429523,,,,,167.09528
mb-phonons-1174,780.5857170750141,748.2594,,,,
mb-phonons-1175,640.5857281912653,,,635.52045,,
mb-phonons-1176,722.5857216803181,,,724.5739,,
mb-phonons-1177,1117.5856903166102,,1093.816,,,
mb-phonons-1178,328.5857529646245,323.5382,,,,
mb-phonons-1179,491.5857400221323,,,498.2719,,
mb-phonons-1180,1117.5856903166102,,,1090.6863,,
mb-phonons-1181,317.58575383804435,,,278.7764,,
mb-phonons-1182,308.58575455266043,,335.2895,,,
mb-phonons-1183,296.585755505482,279.9013,,,,
mb-phonons-1184,975.5857015916647,,,,,931.44836
mb-phonons-1185,1114.5856905548158,1151.3727,,,,
mb-phonons-1186,765.585718266041,713.423,,,,
mb-phonons-1187,231.03896111579812,,222.11461,,,
mb-phonons-1188,566.5857340669977,584.665,,,,
mb-phonons-1189,211.58576225463432,,247.12518,,,
mb-phonons-1190,411.5857463742758,,391.63724,,,
mb-phonons-1191,471.84628776184684,,417.38452,,,
mb-phonons-1192,949.5857036561116,,,,976.1141,
mb-phonons-1193,311.585754314455,,,,302.72354,
mb-phonons-1194,806.5857150105676,,,,,813.4216
mb-phonons-1195,358.5857505825708,,,338.71884,,
mb-phonons-1196,1801.585636005784,,,1763.0553,,
mb-phonons-1197,217.5857617782236,,,,,197.16985
mb-phonons-1198,294.5857556642855,,,283.66998,,
mb-phonons-1199,154.5857667805365,190.29407,,,,
mb-phonons-1200,1159.5856869817349,,1047.9333,,,
mb-phonons-1201,1208.585683091047,,,,1188.937,
mb-phonons-1202,1124.5856897607975,1134.2642,,,,
mb-phonons-1203,308.7520560368611,,,,285.90656,
mb-phonons-1204,1230.5856813442074,1218.6082,,,,
mb-phonons-1205,334.58575248821387,,352.1962,,,
mb-phonons-1206,1496.5856602233305,,,,,1498.1132
mb-phonons-1207,645.5857277942563,,,,,642.99756
mb-phonons-1208,607.5857308115244,,,642.1087,,
mb-phonons-1209,634.585728667676,,,613.77576,,
mb-phonons-1210,1377.585669672144,1374.4681,,,,
mb-phonons-1211,224.58576122241104,,,236.64539,,
mb-phonons-1212,201.58576304865227,,,,,203.69296
mb-phonons-1213,73.56765209308998,,92.904434,,,
mb-phonons-1214,334.58575248821387,,336.36285,,,
mb-phonons-1215,289.5857560612945,262.65887,,,,
mb-phonons-1216,848.5857116756923,,795.8054,,,
mb-phonons-1217,229.9570867399526,,,240.52318,,
mb-phonons-1218,511.5857384340965,,,525.47894,,
mb-phonons-1219,224.58576122241104,,,,,272.58975
mb-phonons-1220,955.5857031797003,913.01794,,,,
mb-phonons-1221,918.5857061175667,,,,1075.5594,
mb-phonons-1222,477.2236575467816,,,,510.1305,
mb-phonons-1223,506.5857388311055,,,,,515.2607
mb-phonons-1224,1340.341044368494,1501.8916,,,,
mb-phonons-1225,1423.5856660196616,,,,,1407.607
mb-phonons-1226,501.58573922811433,,481.89688,,,
mb-phonons-1227,507.58573875170373,,,468.0456,,
mb-phonons-1228,411.5857463742758,,,,484.96753,
mb-phonons-1229,285.58575637890164,276.12253,,,,
mb-phonons-1230,1390.5856686399204,,1392.9486,,,
mb-phonons-1231,276.58575709351777,,,301.837,,
mb-phonons-1232,1317.5856744362516,1348.418,,,,
mb-phonons-1233,1335.5856730070195,,,1090.2626,,
mb-phonons-1234,512.5857383546946,,,,498.74786,
mb-phonons-1235,1012.5856986537982,,1057.5919,,,
mb-phonons-1236,1002.9447513380699,1150.9075,,,,
mb-phonons-1237,1297.5856760242873,,,,,984.169
mb-phonons-1238,1407.585667290091,,,,,1366.2773
mb-phonons-1239,1840.5856329091127,,1834.1151,,,
mb-phonons-1240,404.58574693008836,390.98282,,,,
mb-phonons-1241,555.5857349404176,,566.5921,,,
mb-phonons-1242,289.5857560612945,,,265.20532,,
mb-phonons-1243,261.5857582845447,,,,,264.5233
mb-phonons-1244,262.5857582051429,332.92563,,,,
mb-phonons-1245,653.5857271590419,681.0486,,,,
mb-phonons-1246,595.5857317643457,,621.5276,,,
mb-phonons-1247,608.5857307321222,,,,603.1511,
mb-phonons-1248,605.9291732079247,,,,,594.0613
mb-phonons-1249,622.5857296204973,601.2307,,,,
mb-phonons-1250,634.585728667676,596.8868,,,,
mb-phonons-1251,675.5857254122026,615.5491,,,,
mb-phonons-1252,525.5857373224713,,560.77185,,,
mb-phonons-1253,603.5857311291314,,,,584.16003,
mb-phonons-1254,238.4559452332465,,250.80351,,,
mb-phonons-1255,225.52557371613608,,,222.5952,,
mb-phonons-1256,190.0023038850011,,,260.49942,,
mb-phonons-1257,157.58576654233113,,143.63329,,,
mb-phonons-1258,774.5857175514249,,,,,770.64795
mb-phonons-1259,212.5857621752325,,197.31789,,,
mb-phonons-1260,541.5857360520424,,,594.91125,,
mb-phonons-1261,142.58576773335804,,,,,138.70908
mb-phonons-1262,223.58576130181282,,,205.83197,,
mb-phonons-1263,219.71838321658527,,,,240.54193,
mb-phonons-1264,1090.5856924604586,,,,1268.038,
mb-phonons-1265,1038.5856965893518,,,1011.0768,,
